DEVO,DUCKIE
Ryan,","
HUDSON,;
RICHARD,Ace
Darren,Cow
Sarah,FSH
Ibrahim,Goo
Andrew,Icy
Raymond,Nix
Lucas,Blue
Charles,Duck
Sara,Fred
MARC,Todd
Richi,Yuji
Dustin,Bulby
Bryan Zi Tao,Flint
,
,
,
,
Henry,Jorge
Josiah,Donald
Anthony,duck13
Eric,Gazebo
Ehan,Phi   
VINCE,chicken
Nafis,Duckman
Saxon,Liberty
Matthew,Ootachi
Ethan,Psyduck
MARCOS,Psyduck
Weifen,		cactus
SAKINA,        
Batuhan,Cyan Duq
RONA,Daffodil
,
Efaz,Odysseus
WEN JIE,Sandwich
Tyler, Quillump
Sofya,Lil' Dude
Caroline,Red      
,
,
,
,
,
Efrat,Trickachu
Mainul,Weltgeist
Justin,	Excelsior
Zhong Rui,   Duckirb
Andrew,“MK Yolky”
Aditya,“Mr. Duck”
Aimy,“Shortcake”
Ivan,“Oh-pington”
Nabila,Duck Minimus
,
Alex,Chester Chees
Aabdullah,Justin Bieber
Bryan,              
Ivan,Quack-in-a-Box
Tahmid,“Count Quackula”
Jacob,“Moggermcmogface”
Wenbo,“The RX-78-2 Gundam”
Dean,“The green M&M(Emmie)”
Leon,“Hynmrg Hkrtzvkh Hkvnhsdk”
MABEL,Chud                                                                                                                                                                            
